,margin_debt,market_cap,ratio,pctl,zscore,delta_12m,delta_pctl
1997-01-31,103337,7575790.0,1.3640425618978351,,,,
1997-02-28,103886,7559420.0,1.37425887171238,,,,
1997-03-31,104835,7213530.0,1.453310653729866,,,,
1997-04-30,102842,7519290.0,1.3677089193261598,,,,
1997-05-31,111097,8038500.0,1.3820613298500963,,,,
1997-06-30,118843,8396870.0,1.4153249960997372,,,,
1997-07-31,121090,9031430.0,1.3407622048778542,,,,
1997-08-31,124404,8679980.0,1.4332291088228315,,,,
1997-09-30,131962,9180210.0,1.4374616702668022,,,,
1997-10-31,134491,8865250.0,1.5170581765883646,,,,
1997-11-30,132741,9142430.0,1.4519225195052081,,,,
1997-12-31,131560,9298190.0,1.4148990287357002,,,,
1998-01-31,132912,9340800.0,1.422918807810894,,,0.058876245913058955,
1998-02-28,141328,10006440.0,1.412370433440864,,,0.038111561728483956,
1998-03-31,146536,10494720.0,1.3962830833028417,,,-0.05702757042702422,
1998-04-30,146589,10609610.0,1.3816624739269399,,,0.013953554600780071,
1998-05-31,150293,10314180.0,1.4571492838015236,,,0.07508795395142731,
1998-06-30,154357,10663610.0,1.4475116775651022,,,0.032186681465365075,
1998-07-31,160980,10420260.0,1.5448750798924402,,,0.20411287501458597,
1998-08-31,155879,8785710.0,1.7742333858049038,,,0.34100427698207225,
1998-09-30,144541,9346810.0,1.5464206504679137,,,0.1089589802011115,
1998-10-31,138399,10032190.0,1.3795492310253294,,,-0.13750894556303517,
1998-11-30,148697,10650200.0,1.396189742915626,,,-0.05573277658958209,
1998-12-31,148674,11317590.0,1.313654232040567,,,-0.10124479669513309,
1999-01-31,162322,11724830.0,1.3844294544142643,,,-0.03848935339662973,
1999-02-28,162909,11286080.0,1.4434506932433582,,,0.03108025980249418,
1999-03-31,166212,11707670.0,1.4196847024215749,,,0.023401619118733175,
1999-04-30,184329,12259360.0,1.5035776745278708,,,0.12191520060093097,
1999-05-31,189950,11976750.0,1.5859895213643098,,,0.12884023756278618,
1999-06-30,187695,12583600.0,1.4915842843065579,,,0.04407260674145563,
1999-07-31,189503,12189840.0,1.554597927454339,,,0.009722847561898673,
1999-08-31,187616,12042230.0,1.55798386179304,,,-0.21624952401186381,
1999-09-30,189741,11713800.0,1.6198074066485684,,,0.07338675618065471,
1999-10-31,194259,12449400.0,1.56038845245554,,,0.18083922143021058,
1999-11-30,218304,12851930.0,1.6986086914572363,,,0.3024189485416102,
1999-12-31,241967,13812670.0,1.7517757247512609,,,0.4381214927106938,
2000-01-31,260409,13230620.0,1.968229757940293,,,0.5838003035260286,
2000-02-29,284206,13511000.0,2.1035156539116273,,,0.6600649606682691,
2000-03-31,299933,14296180.0,2.097994009588575,,,0.6783093071670003,
2000-04-30,268716,13541700.0,1.9843594231152661,,,0.4807817485873953,
2000-05-31,256862,13052960.0,1.9678448413233474,,,0.38185531995903754,
2000-06-30,264471,13618500.0,1.9419980174027975,,,0.45041373309623967,
2000-07-31,263729,13330310.0,1.978416105852002,,,0.4238181783976631,
2000-08-31,265166,14280040.0,1.8568995605054328,,,0.2989156987123929,
2000-09-30,270208,13613330.0,1.9848780570220512,,,0.36507065037348285,
2000-10-31,250965,13314680.0,1.8848744393406374,,,0.32448598688509733,
2000-11-30,237913,11976240.0,1.9865416858713587,,,0.28793299441412246,
2000-12-31,210385,12175880.0,1.72788332342303,,,-0.023892401328230894,
2001-01-31,208687,12631360.0,1.6521340536569302,,,-0.31609570428336276,
2001-02-28,198887,11425290.0,1.7407610660210813,,,-0.36275458789054604,
2001-03-31,174797,10645850.0,1.6419261965930385,,,-0.45606781299553667,
2001-04-30,176096,11512460.0,1.5296122635822405,,,-0.4547471595330257,
2001-05-31,183041,11610220.0,1.5765506596774221,,,-0.3912941816459252,
2001-06-30,179585,11407150.0,1.5743196153289822,,,-0.3676784020738153,
2001-07-31,173680,11208510.0,1.5495369143623907,,,-0.4288791914896113,
2001-08-31,169316,10515090.0,1.6102192182853403,,,-0.2466803422200925,
2001-09-30,157931,9562950.0,1.651488295975614,,,-0.33338976104643714,
2001-10-31,152367,9796860.0,1.5552636252840197,,,-0.32961081405661763,
2001-11-30,159440,10531450.0,1.5139415749967955,,,-0.4726001108745632,
2001-12-31,160473,10707680.0,1.4986719812321625,40.67796610169492,-0.4394609838445273,-0.22921134219086747,
2002-01-31,160906,10564690.0,1.523054628200165,46.666666666666664,-0.32283537401662976,-0.12907942545676532,
2002-02-28,154931,10332890.0,1.4993965870148622,40.98360655737705,-0.42987329132039376,-0.24136447900621905,
2002-03-31,160089,10775740.0,1.4856427493610647,37.096774193548384,-0.49008444376726895,-0.15628344723197385,
2002-04-30,159072,10241180.0,1.5532585112262454,55.55555555555556,-0.16693611804984898,0.023646247644004914,
2002-05-31,157802,10106490.0,1.5613927288306821,62.5,-0.1269311953071674,-0.015157930846739998,
2002-06-30,153972,9384030.0,1.6407875933900467,70.76923076923077,0.25480117802744223,0.06646797806106441,
2002-07-31,143905,8616940.0,1.6700243938103316,75.75757575757575,0.39375571051266917,0.12048747944794092,
2002-08-31,139146,8654040.0,1.607873316971033,65.67164179104478,0.08853206065573606,-0.0023459013143072305,
2002-09-30,136107,7773630.0,1.750880862608588,80.88235294117648,0.7852534155363207,0.09939256663297402,
2002-10-31,138647,8357320.0,1.6589887667338334,73.91304347826086,0.3277085016261218,0.10372514144981371,
2002-11-30,139472,8846710.0,1.5765408835601031,60.0,-0.08256870653861947,0.06259930856330764,
2002-12-31,139451,8343190.000000001,1.6714350266504776,76.05633802816901,0.3905747513598876,0.1727630454183151,60.56338028169014
2003-01-31,141391,8125070.0,1.740181930740289,79.16666666666666,0.7299398023406729,0.21712730254012413,63.888888888888886
2003-02-28,140516,7972600.0,1.7624865163183905,83.56164383561644,0.8332424355108381,0.26308992930352826,64.38356164383562
2003-03-31,144267,8051860.0,1.7917226578703556,85.13513513513513,0.9688774293453889,0.3060799085092909,68.91891891891892
2003-04-30,143237,8701970.0,1.6460295772106774,66.66666666666666,0.22752850348716686,0.09277106598443208,49.333333333333336
2003-05-31,153725,9218890.0,1.6675001003374594,71.05263157894737,0.33482536478915603,0.10610737150677729,52.63157894736842
2003-06-30,168281,9342420.0,1.8012570618747603,85.71428571428571,1.009041456041347,0.16046946848471366,58.44155844155844
2003-07-31,174427,9555190.0,1.8254686719991962,85.8974358974359,1.117198410520278,0.15544427818886453,57.692307692307686
2003-08-31,167200,9770560.0,1.7112632233976355,73.41772151898735,0.5270636707720732,0.1033899064266024,49.36708860759494
2003-09-30,171194,9649680.0,1.7740899180076437,81.25,0.8418595038899455,0.0232090553990556,32.5
2003-10-31,175428,10224520.0,1.7157578057454042,72.8395061728395,0.5364540774300111,0.05676903901157071,40.74074074074074
2003-11-30,182587,10352220.0,1.7637472928511952,80.48780487804879,0.7777148278102688,0.1872064092910921,63.41463414634146
2003-12-31,181459,10799630.0,1.680233489480658,68.67469879518072,0.34131804913630953,0.008798462830180487,28.915662650602407
2004-01-31,189429,11029200.0,1.7175225764334674,72.61904761904762,0.5321610105555659,-0.022659354306821644,26.190476190476193
2004-02-29,190448,11172890.0,1.7045545064884735,69.41176470588235,0.46083938905129107,-0.057932009829916975,21.176470588235293
2004-03-31,191451,11039420.0,1.734248719588529,74.4186046511628,0.6125448470600989,-0.057473938281826564,22.093023255813954
2004-04-30,198778,10793660.0,1.8416181350904144,87.35632183908046,1.1648227828752915,0.19558855787973695,65.51724137931035
2004-05-31,193843,10926360.0,1.7740857888628967,80.68181818181817,0.8007312251572744,0.10658568852543726,54.54545454545454
2004-06-30,193993,11138910.0,1.74157974164438,75.28089887640449,0.6238800837124938,-0.059677320230380415,20.224719101123593
2004-07-31,187844,10701650.0,1.755280727738246,77.77777777777779,0.6909713354490443,-0.0701879442609501,20.0
2004-08-31,187828,10719150.0,1.7522658046580188,76.92307692307693,0.6696052049622748,0.041002581260383364,41.75824175824176
2004-09-30,193668,10895480.0,1.7775077371533883,83.69565217391305,0.7973384592466207,0.0034178191457445717,31.521739130434785
2004-10-31,197999,11068950.0,1.7887785200944986,83.87096774193549,0.8497767420066462,0.0730207143490944,48.38709677419355
2004-11-30,211012,11568540.0,1.8240158222213,86.17021276595744,1.0273306579490407,0.06026852937010485,45.744680851063826
2004-12-31,217573,11971140.0,1.8174793712211201,85.26315789473684,0.9821065901694122,0.13724588174046204,62.10526315789474
2005-01-31,220122,11642570.0,1.8906650335793556,90.625,1.3539762774626452,0.17314245714588816,65.625
2005-02-28,223155,11863480.0,1.8810247920508991,88.65979381443299,1.2847705913958962,0.1764702855624256,65.97938144329896
2005-03-31,226876,11638270.0,1.9493962590659952,91.83673469387756,1.61767903530445,0.21514753947746623,70.40816326530613
2005-04-30,217447,11363520.0,1.9135531947847144,89.8989898989899,1.40724545242802,0.07193505969430003,46.464646464646464
2005-05-31,219404,11787810.0,1.861278727770468,86.0,1.1204084937605863,0.0871929389075714,50.0
2005-06-30,224153,11876740.0,1.8873276673565305,88.11881188118812,1.2410276227544632,0.14574792571215056,61.386138613861384
2005-07-31,233585,12360810.0,1.8897224372836408,88.23529411764706,1.2379923169152565,0.1344417095453947,59.80392156862745
2005-08-31,231400,12217130.0,1.8940618623195464,89.32038834951457,1.2450062070880994,0.14179605766152759,61.165048543689316
2005-09-30,244669,12289260.0,1.9909172724801982,98.07692307692307,1.714721026633782,0.21340953532680995,71.15384615384616
2005-10-31,239868,12063240.0,1.9884210212181803,97.14285714285714,1.6710194567227765,0.19964250112368176,69.52380952380952
2005-11-30,242904,12521920.0,1.9398303135621373,88.67924528301887,1.403346610465209,0.11581449134083721,54.71698113207547
2005-12-31,244098,12517690.0,1.9500243255744472,90.65420560747664,1.4342613545771679,0.13254495435332703,57.943925233644855
2006-01-31,255795,12953630.0,1.9746974400226036,92.5925925925926,1.5345487763606953,0.08403240644324805,46.2962962962963
2006-02-28,249609,12922270.0,1.9316188254849962,86.23853211009175,1.302184742140738,0.050594033434097074,37.61467889908257
2006-03-31,259370,13155440.0,1.9715798179308333,91.81818181818183,1.4801348690345546,0.022183558864838027,30.0
2006-04-30,265164,13280930.0,1.9965770469387312,98.1981981981982,1.5790836886984743,0.08302385215401675,46.846846846846844
2006-05-31,255608,12841690.0,1.9904545274025458,96.42857142857143,1.525794732633421,0.1291757996320777,58.92857142857143
2006-06-30,251495,12849290.0,1.9572676778250004,87.61061946902655,1.3459950044128388,0.06994001046846998,42.47787610619469
2006-07-31,256016,12789670.0,2.001740467111348,98.24561403508771,1.5402299883981843,0.11201802982770737,55.26315789473685
2006-08-31,249368,13062540.0,1.9090314747361539,80.8695652173913,1.0795811009096368,0.014969612416607436,28.695652173913043
2006-09-30,261769,13345970.0,1.961408575023022,87.06896551724138,1.3181223184561555,-0.029508697457176325,21.551724137931032
2006-10-31,267710,13829070.0,1.9358496269091123,82.05128205128204,1.1822325500327018,-0.05257139430906799,20.51282051282051
2006-11-30,294899,14116710.0,2.0890065744780477,98.30508474576271,1.884716952197037,0.1491762609159104,65.2542372881356
2006-12-31,303288,14257550.0,2.127209794109086,100.0,2.0226423573595804,0.177185468534639,69.74789915966386
2007-01-31,311506,14531920.0,2.143598368281686,100.0,2.053627113867886,0.16890092825908232,67.22689075630252
2007-02-28,321171,14271610.0,2.2504188385192703,100.0,2.4778861312248246,0.3188000130342741,82.35294117647058
2007-03-31,317737,14409270.0,2.2050874194181938,99.18032786885246,2.2070442456880595,0.2335076014873605,78.15126050420169
2007-04-30,342084,14952350.0,2.287827665885296,100.0,2.505517169303431,0.2912506189465647,80.67226890756302
2007-05-31,382312,15462160.0,2.472565281952845,100.0,3.1765469934855837,0.48211075455029917,91.59663865546219
2007-06-30,408444,15210650.0,2.6852501372393687,100.0,3.8192081626769343,0.7279824594143682,94.9579831932773
2007-07-31,416403,14682660.0,2.8360188140296105,100.0,4.103894741456746,0.8342783469182624,95.7983193277311
2007-08-31,362475,14847700.0,2.4412872027317363,97.63779527559055,2.515834163697523,0.5322557279955824,92.43697478991596
2007-09-30,359104,15362020.0,2.3376092467006293,96.875,2.075967924247144,0.3762006716776074,87.39495798319328
2007-10-31,376979,15673360.0,2.4052213437322947,96.89922480620154,2.256128547773065,0.46937171682318235,91.59663865546219
2007-11-30,379593,14932670.0,2.542030326793534,98.46153846153847,2.6516755593064874,0.4530237523154863,91.59663865546219
2007-12-31,355292,14819580.0,2.39744986025245,95.41984732824427,2.088947512772842,0.27024006614336393,79.83193277310924
2008-01-31,365592,13896650.0,2.630792313255353,98.48484848484848,2.791695946198069,0.48719394497366686,94.9579831932773
2008-02-29,377088,13455960.0,2.80238645180277,99.24812030075188,3.2106832899597775,0.5519676132834999,95.7983193277311
2008-03-31,349419,13332010.0,2.62090262458549,97.01492537313433,2.5335406630861796,0.4158152051672963,87.39495798319328
2008-04-30,332303,13991120.0,2.375099348729766,92.5925925925926,1.712846906843958,0.08727168284447018,46.21848739495798
2008-05-31,341610,14260760.0,2.395454379710478,92.64705882352942,1.7411846903036865,-0.07711090224236683,15.126050420168067
2008-06-30,346892,13073540.0,2.653389977006993,97.8102189781022,2.477587994260341,-0.03186016023237581,21.84873949579832
2008-07-31,343297,12946890.0,2.6515788733819474,97.10144927536231,2.39280994143976,-0.18443994064766311,11.76470588235294
2008-08-31,324814,13124490.0,2.4748694996910356,94.24460431654677,1.811857519444844,0.033582296959299374,35.294117647058826
2008-09-30,345745,11875410.0,2.9114363209354455,100.0,2.982157453056703,0.5738270742348162,95.7983193277311
2008-10-31,277568,9768640.0,2.8414190716414978,99.29078014184397,2.6831374085230286,0.4361977279092031,87.39495798319328
2008-11-30,227334,8945220.0,2.541402000174395,92.95774647887323,1.795877582979353,-0.0006283266191391412,26.05042016806723
2008-12-31,210185,9087170.0,2.3129863312780543,86.7132867132867,1.135446297479982,-0.0844635289743958,14.285714285714285
2009-01-31,205007,8335639.999999999,2.4594032371839476,90.97222222222221,1.5251275872847294,-0.1713890760714052,12.605042016806722
2009-02-28,199655,7473970.0,2.6713379903852976,96.55172413793103,2.0751214688815773,-0.1310484614174725,14.285714285714285
2009-03-31,203967,8113140.0,2.5140327912497504,91.78082191780823,1.6044098894152694,-0.10686983333573963,15.966386554621847
2009-04-30,208010,8962960.0,2.3207734944705765,85.03401360544217,1.0458040077214024,-0.054325854259189565,21.84873949579832
2009-05-31,214401,9408460.0,2.2788107724324704,83.1081081081081,0.9126266669351167,-0.11664360727800771,15.966386554621847
2009-06-30,217140,9428190.0,2.3030931705873554,83.89261744966443,0.9649462893580916,-0.35029680641963745,5.88235294117647
2009-07-31,228734,10158610.0,2.251626945024959,82.0,0.8058340486886406,-0.39995192835698834,3.361344537815126
2009-08-31,236251,10512490.0,2.2473362638157086,80.79470198675497,0.7798861608123399,-0.22753323587532703,12.605042016806722
2009-09-30,254107,10945170.0,2.321635936216614,85.52631578947368,0.9741017909266099,-0.5898003847188313,0.0
2009-10-31,265404,10655730.0,2.4907162625179127,91.50326797385621,1.4275436524277028,-0.3507028091235851,7.563025210084033
2009-11-30,250988,11249130.0,2.231176988798245,79.22077922077922,0.6817956944733061,-0.3102250113761498,11.76470588235294
2009-12-31,262399,11561720.0,2.2695498593634857,81.29032258064515,0.7776685320966105,-0.043436471914568564,28.57142857142857
2010-01-31,266455,11151230.0,2.3894673502384935,86.53846153846155,1.1011601281574712,-0.06993588694545405,24.369747899159663
2010-02-28,263657,11512410.0,2.2901981426999214,82.16560509554141,0.8155147738382615,-0.38113984768537623,5.88235294117647
2010-03-31,277798,12222290.0,2.272880123119317,80.37974683544303,0.7611957185346757,-0.24115266813043323,15.126050420168067
2010-04-30,295550,12477320.0,2.3686977652252246,85.53459119496856,1.0160837063129842,0.04792427075464811,44.537815126050425
2010-05-31,268566,11466300.0,2.342220245414824,85.0,0.9301757882418995,0.06340947298235378,48.739495798319325
2010-06-30,263202,10823310.0,2.431806905650859,88.81987577639751,1.1611778219445992,0.1287137350635037,63.86554621848739
2010-07-31,267468,11568570.0,2.3120230071651036,81.48148148148148,0.8202830099219542,0.06039606214014448,47.89915966386555
2010-08-31,268371,11001120.0,2.439487979405733,88.95705521472392,1.1524135563440847,0.19215171559002453,78.15126050420169
2010-09-30,288540,12020910.0,2.400317446848866,87.1951219512195,1.03091044098169,0.07868151063225204,53.78151260504202
2010-10-31,303428,12489090.0,2.4295445064452257,87.87878787878788,1.093361968816827,-0.06117175607268699,26.89075630252101
2010-11-30,309340,12541050.0,2.466619621164097,90.36144578313254,1.176321167258365,0.23544263236585206,85.71428571428571
2010-12-31,313678,13360130.0,2.347866375551735,82.63473053892216,0.8414861995554079,0.07831651618824909,53.78151260504202
2011-01-31,326868,13617530.0,2.400347199528843,86.30952380952381,0.9669564130802083,0.010879849290349242,38.655462184873954
2011-02-28,348979,14072160.0,2.479924901365533,91.71597633136095,1.161934703742112,0.1897267586656115,78.99159663865547
2011-03-31,355413,14101290.0,2.5204289820293035,92.94117647058823,1.249407772105535,0.24754885890998635,85.71428571428571
2011-04-30,360883,14495430.0,2.4896329394850656,91.22807017543859,1.1484237892975473,0.12093517425984102,63.86554621848739
2011-05-31,355736,14287490.0,2.4898425125756867,91.27906976744185,1.130642109761821,0.14762226716086246,69.74789915966386
2011-06-30,345273,14023070.0,2.46217839602883,87.86127167630057,1.0390945224461394,0.030371490377970822,38.655462184873954
2011-07-31,344572,13701740.0,2.514804689039494,92.52873563218391,1.1635226473099056,0.2027816818743906,80.67226890756302
2011-08-31,308866,12856310.0,2.4024467362719166,83.42857142857143,0.8434526215169711,-0.037041243133816515,26.05042016806723
2011-09-30,298277,11842120.0,2.5187804210732536,92.61363636363636,1.142206161471407,0.11846297422438745,60.50420168067227
2011-10-31,317028,13191070.0,2.4033531775663386,83.05084745762711,0.8128480465130395,-0.026191328878887088,26.89075630252101
2011-11-30,303930,13101210.0,2.319862058542684,75.28089887640449,0.570358418972775,-0.14675756262141304,10.92436974789916
2011-12-31,301616,13189930.0,2.286714182713631,72.06703910614524,0.4653713369296228,-0.061152192838104025,18.487394957983195
2012-01-31,309844,13839110.0,2.238901201016539,68.33333333333333,0.3178503246989445,-0.16144599851230357,9.243697478991598
2012-02-29,323021,14400510.0,2.2431219449866706,68.50828729281768,0.31639906644047366,-0.23680295637886228,5.88235294117647
2012-03-31,330815,14805550.0,2.234398587016355,67.58241758241759,0.27729925971399216,-0.28603039501294836,5.042016806722689
2012-04-30,335154,14689850.0,2.281534528943454,72.1311475409836,0.4022210905965399,-0.2080984105416115,8.403361344537815
2012-05-31,315147,13740370.0,2.2935845250164295,73.91304347826086,0.4249346852029444,-0.19625798755925716,9.243697478991598
2012-06-30,320952,14258420.0,2.2509646931427185,69.1891891891892,0.28472113816594347,-0.2112137028861114,8.403361344537815
2012-07-31,313525,14370330.0,2.1817522631700177,65.05376344086021,0.0629640721932885,-0.3330524258694765,4.201680672268908
2012-08-31,320395,14680900.0,2.1823934499928477,65.24064171122996,0.05091943586871528,-0.22005328627906895,9.243697478991598
2012-09-30,339159,15044220.0,2.2544139875646594,70.2127659574468,0.2623742427142429,-0.26436643350859423,6.722689075630252
2012-10-31,342325,14773100.0,2.3172184578727553,76.19047619047619,0.44521661804236257,-0.08613471969358333,19.327731092436977
2012-11-30,351441,14848060.0,2.366915273779874,79.47368421052632,0.5888141197209127,0.04705321523718986,42.857142857142854
2012-12-31,355009,14995110.0,2.3674984711682674,79.58115183246073,0.57790037156285,0.08078428845463659,52.94117647058824
2013-01-31,388123,15824320.0,2.452699389294453,86.97916666666666,0.8380095747541813,0.21379818827791386,82.35294117647058
2013-02-28,390351,15993710.0,2.440653231801752,86.01036269430051,0.7851767577910902,0.19753128681508159,79.83193277310924
2013-03-31,403933,16598259.999999998,2.4335864120696993,85.05154639175258,0.748586386769452,0.1991878250533441,80.67226890756302
2013-04-30,408677,16864430.0,2.4233075176569856,83.58974358974359,0.7023120732329822,0.1417729887135315,67.22689075630252
2013-05-31,401606,17212400.0,2.333236503915782,75.51020408163265,0.3905635470007855,0.03965197889935235,42.016806722689076
2013-06-30,407681,16992140.0,2.399232821763474,80.71065989847716,0.5995587673579417,0.14826812862075567,70.58823529411765
2013-07-31,412101,17890610.0,2.303448568830241,71.71717171717171,0.26411604761931773,0.12169630566022338,63.02521008403361
2013-08-31,414442,17352130.0,2.3884214790921923,78.89447236180904,0.5408017286739069,0.2060280290993446,82.35294117647058
2013-09-30,432852,17982430.0,2.4070829137107723,83.5,0.5923585385236828,0.15266892614611294,71.42857142857143
2013-10-31,445022,18711920.0,2.3782807964121266,78.1094527363184,0.47919304038571514,0.061062338539371375,47.05882352941176
2013-11-30,456378,19201960.0,2.37672612587465,77.72277227722772,0.46088655707998366,0.009810852094775946,36.97478991596639
2013-12-31,478502,19706030.0,2.428200911091681,84.23645320197043,0.6322021946932264,0.06070243992341373,47.05882352941176
2014-01-31,487549,19105240.0,2.5519124596184084,95.09803921568627,1.0673094164458332,0.09921307032395532,57.14285714285714
2014-02-28,502093,19946840.0,2.5171555995836936,92.6829268292683,0.9282605591011642,0.07650236778194142,50.42016806722689
2014-03-31,487932,19996010.0,2.440146809288453,85.43689320388349,0.6296727643346989,0.0065603972187537885,33.61344537815126
2014-04-30,475195,19959840.0,2.380755557158775,76.81159420289855,0.39275238992948575,-0.04255196049821075,28.57142857142857
2014-05-31,475362,20348350.0,2.336120619116538,72.11538461538461,0.20784997017137016,0.0028841152007559323,33.61344537815126
2014-06-30,502270,20862740.0,2.407497768749455,82.29665071770334,0.4713723914667116,0.008264946985980792,35.294117647058826
2014-07-31,498671,20410810.0,2.443171045147155,86.66666666666667,0.5999521479323954,0.1397224763169138,67.22689075630252
2014-08-31,501000,21233890.0,2.3594357887320694,72.98578199052133,0.24834585380760094,-0.028985690360122884,30.252100840336134
2014-09-30,503901,20760460.0,2.427215003906465,82.54716981132076,0.5133472967186998,0.02013209019569251,37.81512605042017
2014-10-31,492888,21256740.0,2.318737492202473,68.54460093896714,0.04292851376752571,-0.05954330420965359,24.369747899159663
2014-11-30,496341,21731180.0,2.284003905908469,64.01869158878505,-0.12356263024696561,-0.09272221996618102,19.327731092436977
2014-12-31,495756,21669860.0,2.287767433661316,64.65116279069767,-0.12672891256230473,-0.14043347743036527,16.80672268907563
2015-01-31,485872,21060440.0,2.307036320228827,67.12962962962963,-0.05769861687660331,-0.2448761393895813,7.563025210084033
2015-02-28,504923,22212340.0,2.2731643761980953,62.21198156682027,-0.2282914471482578,-0.2439912233855983,8.403361344537815
2015-03-31,518055,21947910.0,2.360384200591309,73.39449541284404,0.1563582493018361,-0.07976260869714391,24.369747899159663
2015-04-30,549964,22034300.0,2.4959449585419096,91.78082191780823,0.7708869176195438,0.11518940138313472,62.18487394957983
2015-05-31,541671,22259700.0,2.4334155446838905,84.0909090909091,0.46479333318769683,0.09729492556735275,59.66386554621849
2015-06-30,547957,21841750.0,2.508759600306752,91.8552036199095,0.8140263746793,0.10126183155729684,61.34453781512605
2015-07-31,530744,22180070.0,2.3928869476065673,76.57657657657657,0.23493065248281958,-0.0502840975405876,31.092436974789916
2015-08-31,515960,20802970.0,2.480222775882482,89.68609865470853,0.6572240588241592,0.1207869871504128,66.38655462184873
2015-09-30,497279,20119280.0,2.4716540552146995,87.94642857142857,0.601134794779232,0.04443905130823467,47.89915966386555
2015-10-31,513941,21648510.0,2.3740248174123764,72.88888888888889,0.08517052487509941,0.055287325209903315,51.26050420168067
2015-11-30,515410,21658550.0,2.379706859415797,74.33628318584071,0.09764569491599429,0.09570295350732794,62.18487394957983
2015-12-31,503444,21167860.0,2.3783415045262015,74.00881057268722,0.07290829365240462,0.09057407086488567,62.18487394957983
2016-01-31,487200,19926100.0,2.4450344021158177,85.96491228070175,0.4212711722831061,0.1379980818869906,72.26890756302521
2016-02-29,474156,19864020.0,2.387009276067986,74.67248908296943,0.08159025965362546,0.11384489986989088,65.54621848739495
2016-03-31,483909,21224320.0,2.279974105177457,59.56521739130435,-0.5513481867434666,-0.08041009541385202,24.369747899159663
2016-04-30,495178,21377590.0,2.3163415520645687,64.93506493506493,-0.36346887053659466,-0.17960340647734085,15.966386554621847
2016-05-31,489867,21701470.0,2.257298699120382,57.327586206896555,-0.7404279772476838,-0.17611684556350848,16.80672268907563
2016-06-30,487636,21711380.0,2.2459926545433775,54.93562231759657,-0.8442157182294079,-0.26276694576337434,7.563025210084033
2016-07-31,513221,22547920.0,2.27613456141409,58.97435897435898,-0.6869164284369726,-0.11675238619247708,22.689075630252102
2016-08-31,510157,22561220.0,2.2612119380068987,57.446808510638306,-0.8299498141418982,-0.2190108378755835,13.445378151260504
2016-09-30,540615,22576670.0,2.3945736904512493,76.69491525423729,0.02213313693877346,-0.07708036476345015,31.092436974789916
2016-10-31,523760,22072490.0,2.372908539090968,71.72995780590718,-0.15615464361847528,-0.0011162783214082594,42.016806722689076
2016-11-30,539972,22991070.0,2.3486162236033383,69.32773109243698,-0.3503922459050123,-0.031090635812458522,40.33613445378151
2016-12-31,529372,23425860.0,2.2597761618997128,56.48535564853556,-1.0122472147718904,-0.11856534262648877,23.52941176470588
2017-01-31,553557,23847210.0,2.321265254929193,66.66666666666666,-0.5812800499374947,-0.1237691471866249,23.52941176470588
2017-02-28,568637,24609790.0,2.3106129715044297,63.48547717842323,-0.6661502648075118,-0.0763963045635565,33.61344537815126
2017-03-31,577674,24624720.0,2.3459109382766585,69.00826446280992,-0.4158495313450092,0.0659368330992014,61.34453781512605
2017-04-30,590797,24878480.0,2.3747310928963508,72.8395061728395,-0.20581165695895287,0.05838954083178205,57.98319327731093
2017-05-31,582764,25041340.0,2.327207729298831,66.80327868852459,-0.5539575976302089,0.06990903017844907,63.02521008403361
2017-06-30,584258,25230410.0,2.315689677654862,63.6734693877551,-0.628654685426619,0.0696970231114844,63.02521008403361
2017-07-31,594414,25685190.0,2.3142285496038766,63.41463414634146,-0.6366232907708226,0.038093988189786376,53.78151260504202
2017-08-31,596567,25657960.0,2.3250757269868685,66.80161943319838,-0.5413568539426894,0.0638637889799698,63.02521008403361
2017-09-30,606334,26233340.0,2.3113107213949884,62.096774193548384,-0.6494950901620995,-0.08326296905626096,30.252100840336134
2017-10-31,607838,26760190.0,2.2714263239536043,55.42168674698795,-0.9568046540192565,-0.10148221513736377,27.73109243697479
2017-11-30,627422,27493380.0,2.2820839052892006,57.99999999999999,-0.856961577438261,-0.06653231831413775,36.97478991596639
2017-12-31,642798,27794170.0,2.31270802474044,62.94820717131474,-0.6049037985153993,0.05293186284072737,60.50420168067227
2018-01-31,665716,29237480.0,2.2769267392401806,56.34920634920635,-0.8789671983933735,-0.04433851568901215,42.016806722689076
2018-02-28,645064,28117020.0,2.2942118332597126,60.47430830039525,-0.7395985069185521,-0.016401138244717117,48.739495798319325
2018-03-31,645235,27410720.0,2.3539513008049404,70.86614173228347,-0.21599973229721103,0.008040362528281886,52.94117647058824
2018-04-30,652303,27520950.0,2.370205243641662,72.94117647058823,-0.0748198925925486,-0.004525849254688907,49.57983193277311
2018-05-31,668940,28218460.0,2.3705758570807904,73.046875,-0.06981741979636996,0.04336812778195931,60.50420168067227
2018-06-30,646931,28394130.0,2.2783969785304214,55.6420233463035,-0.8596806958245178,-0.03729269912444044,43.69747899159664
2018-07-31,652790,29295750.0,2.2282754324432728,48.06201550387597,-1.2962935989709556,-0.08595311716060383,29.411764705882355
2018-08-31,652395,30274530.0,2.154930233433847,46.71814671814672,-1.910689384390991,-0.17014549355302133,19.327731092436977
2018-09-30,648126,30259820.0,2.1418699780765387,46.15384615384615,-2.1557156545331813,-0.16944074331844972,20.168067226890756
2018-10-31,607645,27980900.0,2.1716420844218733,47.12643678160919,-1.9720898094834725,-0.09978423953173099,29.411764705882355
2018-11-30,592593,28448870.0,2.08301067845577,44.274809160305345,-2.8204105417625165,-0.19907322683343054,15.966386554621847
2018-12-31,554285,25749720.0,2.152586513562089,46.7680608365019,-2.045331559255735,-0.16012151117835094,22.689075630252102
2019-01-31,568433,27992410.0,2.030668313303499,43.93939393939394,-3.1355811011939667,-0.24625842593668157,8.403361344537815
2019-02-28,581205,28903300.0,2.010860351586151,43.77358490566038,-3.268303878958719,-0.2833514816735616,6.722689075630252
2019-03-31,574013,29266910.0,1.961303738590784,38.34586466165413,-3.5496224732210218,-0.3926475622141563,1.680672268907563
2019-04-30,588721,30410020.0,1.9359441394645582,36.329588014981276,-3.5519518434766586,-0.4342611041771036,0.8403361344537815
2019-05-31,568751,28369390.0,2.004805179103252,44.02985074626866,-2.8219418515491417,-0.3657706779775385,4.201680672268908
2019-06-30,596304,30268050.0,1.9700773587991298,39.77695167286245,-2.9788252492101153,-0.3083196197312916,7.563025210084033
2019-07-31,602139,30684820.0,1.9623351220570955,38.88888888888889,-2.9171202029097762,-0.26594031038617727,9.243697478991598
2019-08-31,564894,29925350.0,1.8876771700247448,33.210332103321036,-3.3272374089870387,-0.2672530634091024,9.243697478991598
2019-09-30,555910,30351920.0,1.831548053632192,30.88235294117647,-3.5222370670260066,-0.3103219244443467,5.042016806722689
2019-10-31,554604,30945630.0,1.7921884285438685,29.304029304029307,-3.5766533018616484,-0.37945365587800484,2.5210084033613445
2019-11-30,563482,32025860.0,1.7594593868829753,26.277372262773724,-3.5691692739160352,-0.3235512915727947,5.042016806722689
2019-12-31,579221,32886739.999999996,1.761260009353314,26.545454545454543,-3.358212880691304,-0.39132650420877524,1.680672268907563
2020-01-31,561812,32838190.000000004,1.7108494713015545,21.73913043478261,-3.4494783687130073,-0.31981884200194455,6.722689075630252
2020-02-29,545127,30125070.0,1.8095460027146824,30.685920577617328,-2.7560804201551923,-0.2013143488714686,21.008403361344538
2020-03-31,479291,25899930.0,1.8505494030292744,32.73381294964029,-2.4405581525270765,-0.11075433556150971,31.932773109243694
2020-04-30,524696,29365490.2,1.7867775965136112,29.03225806451613,-2.681544529467711,-0.149166542950947,27.73109243697479
2020-05-31,552543,30927039.0,1.7866016853407791,28.92857142857143,-2.58245102259528,-0.21820349376247283,18.487394957983195
2020-06-30,584676,31630509.7,1.8484558280766499,33.096085409252666,-2.195457774199553,-0.12162153072247994,31.932773109243694
2020-07-31,613830,33393390.599999998,1.838178121391483,32.62411347517731,-2.182548419647009,-0.12415700066561253,31.092436974789916
2020-08-31,645547,35807660.199999996,1.8028181578867868,30.742049469964666,-2.2868729686657794,-0.08485901213795799,40.33613445378151
2020-09-30,654324,34480269.5,1.8976765828352937,37.32394366197183,-1.7806937307828885,0.06612852920310175,74.78991596638656
2020-10-31,659313,33724808.599999994,1.9549792196596785,40.70175438596491,-1.4745448130238037,0.16279079111580996,93.27731092436974
2020-11-30,722118,37839648.4,1.9083633980066264,37.41258741258741,-1.6632818554282398,0.14890401112365104,92.43697478991596
2020-12-31,778037,39456660.199999996,1.9718774879988452,43.90243902439025,-1.3363111235688372,0.21061747864553126,98.31932773109243
2021-01-31,798605,39396171.9,2.027113197767319,48.26388888888889,-1.057101344290076,0.3162637264657644,100.0
2021-02-28,813680,40508679.7,2.0086559375076347,47.75086505190311,-1.1252661048564474,0.19910993479295236,94.11764705882352
2021-03-31,822551,41741871.099999994,1.970565713332386,43.103448275862064,-1.2835721938522535,0.12001631030311155,84.03361344537815
2021-04-30,847186,43870089.800000004,1.9311243807848326,37.80068728522337,-1.4433461308949478,0.14434678427122138,89.07563025210085
2021-05-31,861626,43966359.4,1.9597392455469032,41.0958904109589,-1.2864950661248493,0.17313756020612403,93.27731092436974
2021-06-30,882103,45113859.4,1.9552816179588484,40.61433447098976,-1.2848733234190737,0.10682578988219849,80.67226890756302
2021-07-31,844324,45708000.0,1.8472127417519908,32.31292517006803,-1.7560411204484068,0.009034620360507839,60.50420168067227
2021-08-31,911545,46979628.900000006,1.9402984258140872,39.32203389830509,-1.2982192017032144,0.1374802679273004,86.5546218487395
2021-09-30,903117,44850031.199999996,2.0136373951953908,49.32432432432432,-0.9421047277974185,0.11596081236009703,83.19327731092437
2021-10-31,935862,47795089.800000004,1.9580714335220266,41.41414141414141,-1.1809603126260357,0.0030922138623481477,56.30252100840336
2021-11-30,918598,46936078.1,1.9571255997206976,40.939597315436245,-1.165779219364601,0.048762201714071196,65.54621848739495
2021-12-31,910021,48461160.199999996,1.8778357683644564,33.44481605351171,-1.503558427633898,-0.09404171963438879,36.97478991596639
2022-01-31,829637,45416468.800000004,1.8267316282414274,30.666666666666664,-1.701315454505789,-0.20038156952589148,21.84873949579832
2022-02-28,835255,44259210.9,1.8871890912994114,34.55149501661129,-1.4020974781321918,-0.12146684620822334,31.932773109243694
2022-03-31,799660,45606671.9,1.7533838069863634,23.841059602649008,-1.9536692709583907,-0.21718190634602252,17.647058823529413
2022-04-30,772940,41343968.800000004,1.8695350795640113,33.663366336633665,-1.413339952981141,-0.06158930122082129,45.378151260504204
2022-05-31,752944,41084898.4,1.832653917430644,31.25,-1.5438685475031664,-0.12708532811625917,27.73109243697479
2022-06-30,683445,37564230.5,1.8194037010820705,29.836065573770494,-1.569711393965848,-0.13587791687677786,26.89075630252101
2022-07-31,696781,41119578.1,1.6945237091330956,18.954248366013072,-2.0521528921535963,-0.15268903261889522,24.369747899159663
2022-08-31,687787,39560859.4,1.738554243844359,21.824104234527688,-1.8241285688475188,-0.2017441819697281,16.80672268907563
2022-09-30,664009,35836921.9,1.8528628152073519,33.76623376623377,-1.3245066005479005,-0.1607745799880389,22.689075630252102
2022-10-31,649618,38702500.0,1.6784910535495123,18.446601941747574,-1.9926558381057313,-0.2795803799725143,8.403361344537815
2022-11-30,643783,40552421.9,1.587532802818862,14.516129032258066,-2.2905997132081377,-0.36959279690183555,3.361344537815126
2022-12-31,606659,38073941.400000006,1.593370630128668,14.790996784565916,-2.2013626449245667,-0.28446513823578834,8.403361344537815
2023-01-31,641228,40724960.9,1.574533126193867,13.461538461538462,-2.2122985306394223,-0.25219850204756034,13.445378151260504
2023-02-28,624379,39704378.900000006,1.5725696190149945,13.099041533546327,-2.159950391342412,-0.3146194722844169,6.722689075630252
2023-03-31,645429,40708410.199999996,1.5854930144140096,14.64968152866242,-2.057068884328387,-0.16789079257235384,26.89075630252101
2023-04-30,631949,41064050.8,1.5389348778031418,10.158730158730158,-2.170786425989367,-0.33060020176086957,5.042016806722689
2023-05-31,644170,42053179.7,1.5317985574346473,10.126582278481013,-2.13543157936885,-0.30085535999599666,10.084033613445378
2023-06-30,681228,44883609.4,1.5177656367359798,9.46372239747634,-2.1273119956095647,-0.30163806434609075,10.084033613445378
2023-07-31,709834,46450218.800000004,1.5281607241858675,10.062893081761008,-2.0344375890881845,-0.16636298494722812,30.252100840336134
2023-08-31,689185,45468429.7,1.5157440108383597,9.090909090909092,-2.025162579280765,-0.22281023300599934,20.168067226890756
2023-09-30,680846,43249300.8,1.5742358544672703,14.6875,-1.7819634927475752,-0.27862696074008153,14.285714285714285
2023-10-31,635276,42059949.2,1.510406008764271,8.722741433021806,-1.9530462695828485,-0.16808504478524133,31.092436974789916
2023-11-30,660887,45900898.4,1.4398127771721347,5.590062111801243,-2.1337193569007185,-0.14772002564672726,36.97478991596639
2023-12-31,700774,48295378.900000006,1.4510166727359497,6.5015479876160995,-2.0439991446242125,-0.1423539573927184,37.81512605042017
2024-01-31,701975,48769871.099999994,1.4393620162756593,5.555555555555555,-2.0378124428312767,-0.1351711099182078,40.33613445378151
2024-02-29,742963,51321230.5,1.4476718363173307,6.769230769230769,-1.967451450333591,-0.12489778269766383,42.016806722689076
2024-03-31,784136,52915820.3,1.4818555123107484,8.282208588957054,-1.8164482728371854,-0.10363750210326117,48.739495798319325
2024-04-30,775464,50572378.900000006,1.5333745749500423,12.844036697247708,-1.6165709451623802,-0.005560302853099497,66.38655462184873
2024-05-31,809431,52875519.5,1.5308237302519554,12.5,-1.5922330520273793,-0.0009748271826919286,68.90756302521008
2024-06-30,809322,54470660.199999996,1.4857943653122825,8.814589665653495,-1.7014367725568171,-0.03197127142369727,63.86554621848739
2024-07-31,810835,55429839.800000004,1.4628131759457115,8.181818181818182,-1.7394475532182894,-0.06534754824015598,59.66386554621849
2024-08-31,797162,56554441.400000006,1.4095480041289914,3.3232628398791544,-1.8647130835739976,-0.10619600670936835,48.739495798319325
2024-09-30,813211,57636941.400000006,1.4109197682026893,3.614457831325301,-1.821525443650745,-0.16331608626458105,33.61344537815126
2024-10-31,815369,57178679.7,1.4260017969599952,5.405405405405405,-1.7363196491614907,-0.08440421180427582,56.30252100840336
2024-11-30,890852,60880738.3,1.4632739760976257,9.281437125748502,-1.588512981340297,0.023461198925490923,73.94957983193278
2024-12-31,899168,58970019.5,1.5247883714876505,13.432835820895523,-1.3744676403981628,0.07377169875170075,84.03361344537815
2025-01-31,937253,60775199.2,1.5421636001811738,15.476190476190476,-1.298297375347709,0.10280158390551453,87.39495798319328
2025-02-28,918144,59524468.800000004,1.5424648359062718,15.727002967359049,-1.2746592257207956,0.09479299958894116,84.03361344537815
2025-03-31,880316,55933390.6,1.5738648963647843,18.93491124260355,-1.1600492043602197,0.09200938405403591,83.19327731092437
2025-04-30,850558,55521828.1,1.5319344285063266,14.749262536873156,-1.2688344824484212,-0.0014401464437157063,66.38655462184873
2025-05-31,920960,58996789.1,1.561034107193471,18.529411764705884,-1.1621113870579747,0.030210376941515626,72.26890756302521
2025-06-30,1007961,61940589.800000004,1.627302877248353,23.16715542521994,-0.9454183135159114,0.1415085119360706,94.11764705882352
2025-07-31,1022548,63290898.4,1.615631987932091,22.807017543859647,-0.9659373568878489,0.1528188119863796,95.7983193277311
2025-08-31,1059723,64683390.6,1.6383232081219934,23.61516034985423,-0.8819469338178406,0.228775203993002,99.15966386554622
2025-09-30,1126494,66847843.800000004,1.6851613095709155,27.03488372093023,-0.7223081745812042,0.2742415413682262,99.15966386554622
2025-10-31,1183654,68237109.4,1.7346191982745385,29.855072463768117,-0.5531476579981489,0.3086174013145433,99.15966386554622
2025-11-30,1214321,68336328.1,1.7769772444065517,34.68208092485549,-0.40559369174557286,0.31370326830892603,99.15966386554622
