Date,margin_debt,margin_yoy,delta_yoy_6m,yoy_zscore,yoy_pctl,peak_signal,spx_yoy,margin_minus_spx
1997-01-31,103337,,,,,0,,
1997-02-28,103886,,,,,0,,
1997-03-31,104835,,,,,0,,
1997-04-30,102842,,,,,0,,
1997-05-31,111097,,,,,0,,
1997-06-30,118843,,,,,0,,
1997-07-31,121090,,,,,0,,
1997-08-31,124404,,,,,0,,
1997-09-30,131962,,,,,0,,
1997-10-31,134491,,,,,0,,
1997-11-30,132741,,,,,0,,
1997-12-31,131560,,,,,0,,
1998-01-31,132912,28.619952195244693,,,,0,,
1998-02-28,141328,36.04143002907032,,,,0,,
1998-03-31,146536,39.777745981780896,,,,0,,
1998-04-30,146589,42.53806810447094,,,,0,,
1998-05-31,150293,35.28088067184532,,,,0,,
1998-06-30,154357,29.883123112004917,,,,0,,
1998-07-31,160980,32.94243950780411,4.322487312559417,,,0,,
1998-08-31,155879,25.300633420147257,-10.740796608923063,,,0,,
1998-09-30,144541,9.532289598520794,-30.2454563832601,,,0,,
1998-10-31,138399,2.9057706463629485,-39.63229745810799,,,0,,
1998-11-30,148697,12.020400629797878,-23.26048004204744,,,0,,
1998-12-31,148674,13.008513225904528,-16.874609886100387,,,0,,
1999-01-31,162322,22.127422655591666,-10.815016852212445,,,0,,
1999-02-28,162909,15.270151703837875,-10.030481716309382,,,0,,
1999-03-31,166212,13.427417153464006,3.895127554943212,,,0,,
1999-04-30,184329,25.745451568671584,22.839680922308634,,,0,,
1999-05-31,189950,26.386458451158745,14.366057821360867,,,0,,
1999-06-30,187695,21.59798389447838,8.58947066857385,,,0,,
1999-07-31,189503,17.718350105603186,-4.40907254998848,,,0,,
1999-08-31,187616,20.36002283822709,5.089871134389213,,,0,,
1999-09-30,189741,31.27140396150574,17.843986808041734,,,0,,
1999-10-31,194259,40.36156330609326,14.616111737421676,,,0,,
1999-11-30,218304,46.81130083323806,20.424842382079312,,,0,,
1999-12-31,241967,62.75004371981652,41.15205982533814,,,0,,
2000-01-31,260409,60.42742203767819,42.709071932075005,,,0,,
2000-02-29,284206,74.4569053888981,54.096882550671005,,,0,,
2000-03-31,299933,80.45207325584194,49.1806692943362,,,0,,
2000-04-30,268716,45.780642221245714,5.419078915152454,,,0,,
2000-05-31,256862,35.226112134772315,-11.585188698465743,,,0,,
2000-06-30,264471,40.90465915447934,-21.845384565337177,,,0,,
2000-07-31,263729,39.16877305372475,-21.258648983953442,,,0,,
2000-08-31,265166,41.33442776735458,-33.12247762154351,,,0,14.933240432895833,26.40118733445875
2000-09-30,270208,42.408862607449095,-38.043210648392844,,,0,11.98790061666315,30.420961990785944
2000-10-31,250965,29.190925516964473,-16.58971670428124,,,0,4.876259235617386,24.314666281347087
2000-11-30,237913,8.982428173556144,-26.24368396121617,,,0,-5.327765578314558,14.310193751870703
2000-12-31,210385,-13.05219306764972,-53.95685222212906,,,0,-10.12421303386082,-2.9279800337889004
2001-01-31,208687,-19.861832732355644,-59.03060578608039,,,0,-2.0402162844398553,-17.82161644791579
2001-02-28,198887,-30.020126246455035,-71.35455401380962,,,0,-8.813190369030277,-21.20693587742476
2001-03-31,174797,-41.72131776096661,-84.13018036841571,,,0,-22.570700262915565,-19.150617498051048
2001-04-30,176096,-34.46761636821031,-63.658541885174785,,,0,-14.186423449905217,-20.28119291830509
2001-05-31,183041,-28.739556649095626,-37.72198482265177,,,0,-11.601027698588684,-17.13852895050694
2001-06-30,179585,-32.096524760748814,-19.044331693099096,,,0,-15.647600714973187,-16.448924045775627
2001-07-31,173680,-34.14451956364298,-14.282686831287336,,,0,-15.349025747113576,-18.795493816529405
2001-08-31,169316,-36.1471681889835,-6.127041942528464,,,0,-25.303935845650017,-10.843232343333483
2001-09-30,157931,-41.552063595452395,0.1692541655142179,,,0,-27.538148808197814,-14.013914787254581
2001-10-31,152367,-39.28755005678083,-4.819933688570522,,,0,-25.857883432793017,-13.429666623987814
2001-11-30,159440,-32.983905881561746,-4.244349232466121,,,0,-13.346515076618882,-19.637390804942864
2001-12-31,160473,-23.72412481878461,8.372399941964204,,,0,-13.051117001135925,-10.673007817648685
2002-01-31,160906,-22.89601173048632,11.248507833156658,,,0,-17.26414887153095,-5.6318628589553725
2002-02-28,154931,-22.10099202059461,14.04617616838889,,,0,-10.742455280094198,-11.358536740500412
2002-03-31,160089,-8.414332053753782,33.137731541698614,,,0,-1.116052191598993,-7.298279862154789
2002-04-30,159072,-9.667454115936758,29.620095940844074,,,0,-13.814546851490228,4.1470927355534695
2002-05-31,157802,-13.78871400396633,19.195191877595416,,,0,-15.02261434577652,1.2339003418101893
2002-06-30,153972,-14.262327031767686,9.461797787016923,,,0,-19.360385985215846,5.0980589534481595
2002-07-31,143905,-17.143597420543532,5.75241430994279,,,0,-24.735390763032317,7.591793342488785
2002-08-31,139146,-17.818753100711092,4.282238919883518,,,0,-19.1870004763669,1.368247375655809
2002-09-30,136107,-13.818692973513746,-5.404360919759965,,,0,-21.677394562397932,7.858701588884186
2002-10-31,138647,-9.004574481350947,0.6628796345858117,,,0,-16.42038913736813,7.415814656017183
2002-11-30,139472,-12.523833416959365,1.2648805870069655,,,0,-17.827899425161277,5.304066008201913
2002-12-31,139451,-13.100023056838218,1.1623039749294684,-0.7093355561485258,26.76056338028169,0,-23.371307134894092,10.271284078055874
2003-01-31,141391,-12.128199072750546,5.015398347792987,-0.6707167233830275,30.555555555555557,0,-24.286396857137802,12.158197784387257
2003-02-28,140516,-9.304141843788528,8.514611256922564,-0.5752957218575929,32.87671232876712,0,-23.997506189348904,14.693364345560376
2003-03-31,144267,-9.883252440829793,3.9354405326839537,-0.5873659516853557,31.08108108108108,0,-26.08267459189988,16.199422151070088
2003-04-30,143237,-9.954611748139207,-0.9500372667882608,-0.5834850149403703,30.666666666666664,0,-14.853232052151133,4.898620304011926
2003-05-31,153725,-2.583617444645825,9.94021597231354,-0.34394940657697964,38.15789473684211,0,-9.706891058678014,7.12327361403219
2003-06-30,168281,9.293248123035358,22.393271179873576,0.03959747101401269,41.55844155844156,0,-1.5099450194049235,10.803193142440282
2003-07-31,174427,21.20982592682672,33.338024999577264,0.423976875252909,51.28205128205128,0,8.631886092889584,12.577939833937137
2003-08-31,167200,20.16155692581891,29.46569876960744,0.3863508868056744,49.36708860759494,0,10.037332984018853,10.124223941800057
2003-09-30,171194,25.778982712130905,35.6622351529607,0.5661815314829016,57.49999999999999,0,22.163481588695632,3.6155011234352727
2003-10-31,175428,26.528522074044147,36.483133822183355,0.5853732250142875,59.25925925925925,0,18.622425939306364,7.906096134737783
2003-11-30,182587,30.91301479866926,33.496632243315084,0.7235585606033875,63.41463414634146,0,13.018124339161186,17.894890459508073
2003-12-31,181459,30.123842783486676,20.830594660451318,0.6900351022511851,62.65060240963856,0,26.38039599008888,3.7434467933977977
2004-01-31,189429,33.97528838469211,12.765462457865386,0.8099116832906779,66.66666666666666,0,32.18768259904172,1.7876057856503849
2004-02-29,190448,35.534743374419996,15.373186448601086,0.8522494719319276,69.41176470588235,0,36.11603162337278,-0.5812882489527809
2004-03-31,191451,32.706024246709234,6.927041534578329,0.7490738242683844,63.95348837209303,0,32.788992123756074,-0.0829678770468405
2004-04-30,198778,38.77559569105748,12.247073617013335,0.9422156631867087,71.26436781609196,0,20.756445491427833,18.01915019962965
2004-05-31,193843,26.09725158562368,-4.815763213045578,0.5094079581768938,53.40909090909091,0,16.298425678971352,9.798825906652329
2004-06-30,193993,15.279205614418734,-14.844637169067942,0.140965578179471,42.69662921348314,0,17.060030785017965,-1.7808251705992308
2004-07-31,187844,7.692043089659295,-26.283245295032813,-0.1176977807098174,34.44444444444444,0,11.250012622310201,-3.5579695326509064
2004-08-31,187828,12.33732057416268,-23.197422800257314,0.04188345438693564,39.56043956043956,0,9.544358798845277,2.792961775317403
2004-09-30,193668,13.127796534925285,-19.57822771178395,0.06883146176005306,41.30434782608695,0,11.91124052412269,1.216556010802595
2004-10-31,197999,12.866247121326136,-25.909348569731346,0.0593553192823971,39.784946236559136,0,7.565360565712709,5.3008865556134275
2004-11-30,211012,15.56792104585758,-10.529330539766102,0.15314219146188893,45.744680851063826,0,10.926100926100911,4.641820119756668
2004-12-31,217573,19.902016433464297,4.622810819045563,0.30404502162158953,47.368421052631575,0,8.993452766386078,10.90856366707822
2005-01-31,220122,16.202904518315563,8.510861428656268,0.1718066108738264,45.83333333333333,0,4.432735406186716,11.770169112128848
2005-02-28,223155,17.173716710073084,4.8363961359104035,0.20519909408895726,46.391752577319586,0,5.718203573986402,11.455513136086681
2005-03-31,226876,18.503429075847077,5.375632540921792,0.2513716388510428,47.95918367346938,0,4.828584367036326,13.67484470881075
2005-04-30,217447,9.391884413768125,-3.4743627075580115,-0.07688435546422898,34.34343434343434,0,4.480510097178558,4.9113743165895665
2005-05-31,219404,13.186444700092338,-2.3814763457652415,0.06045136309541949,41.0,0,6.32317247287264,6.8632722272196975
2005-06-30,224153,15.546952725098318,-4.355063708365979,0.1457601122054395,44.554455445544555,0,4.433925049309662,11.113027675788658
2005-07-31,233585,24.350524903643446,8.147620385327883,0.4656569392114351,55.88235294117647,0,12.02301855280834,12.327506350835106
2005-08-31,231400,23.197819281470288,6.024102571397204,0.4204826349636732,55.33980582524271,0,10.51311309135694,12.684706190113348
2005-09-30,244669,26.334242105045757,7.83081302919868,0.5328989993823531,60.57692307692307,0,10.248703547524629,16.085538557521126
2005-10-31,239868,21.14606639427472,11.754181980506594,0.33807657184623163,51.42857142857142,0,6.796142275703421,14.349924118571298
2005-11-30,242904,15.113832388679317,1.927387688586979,0.11221754733181517,40.56603773584906,0,6.445621986335226,8.66821040234409
2005-12-31,244098,12.191310502681851,-3.355642222416467,0.00249076420943697,34.57943925233645,0,3.0010231698461842,9.190287332835666
2006-01-31,255795,16.206013029138376,-8.14451187450507,0.15319899848676402,46.2962962962963,0,8.364726099875552,7.841286929262823
2006-02-28,249609,11.854540565974323,-11.343278715495964,-0.01180703669207936,33.02752293577982,0,5.803818540825012,6.0507220251493115
2006-03-31,259370,14.322361113559822,-12.011880991485935,0.08187676962573694,40.909090909090914,0,9.675670639256651,4.6466904743031705
2006-04-30,265164,21.944197896498903,0.7981315022241837,0.37186651061639864,55.85585585585585,0,13.291265073259284,8.652932823239619
2006-05-31,255608,16.501066525678667,1.38723413699935,0.16152516192281816,47.32142857142857,0,6.5958875367184255,9.905178988960241
2006-06-30,251495,12.19791838610236,0.006607883420508998,-0.004904475337963853,34.51327433628318,0,6.620331897962783,5.577586488139577
2006-07-31,256016,9.602928270222822,-6.6030847589155535,-0.10526857591177996,31.57894736842105,0,3.441961464292076,6.160966805930746
2006-08-31,249368,7.764909248055307,-4.089631317919016,-0.17619814780381535,27.82608695652174,0,6.841592028385768,0.9233172196695394
2006-09-30,261769,6.9890341645243215,-7.3333269490355,-0.2056318421069555,26.72413793103448,0,8.710866610786038,-1.7218324462617165
2006-10-31,267710,11.607217302849904,-10.336980593648999,-0.023419208273797554,33.33333333333333,0,14.16144025318764,-2.5542229503377367
2006-11-30,294899,21.405575865362447,4.904509339683781,0.36287763198924256,56.779661016949156,0,12.097032365464045,9.308543499898402
2006-12-31,303288,24.248457586706973,12.050539200604613,0.4732896208688491,60.50420168067227,0,13.619431382130752,10.62902620457622
2007-01-31,311506,21.7795500302977,12.176621760074877,0.3727599254217338,57.98319327731093,0,12.35547778263859,9.424072247659108
2007-02-28,321171,28.66963931589006,20.904730067834752,0.6448022329701856,69.74789915966386,0,9.851170490215978,18.81846882567408
2007-03-31,317737,22.503373559008377,15.514339394484056,0.39488133685440685,60.50420168067227,0,9.73417154507963,12.769202013928748
2007-04-30,342084,29.00846268724262,17.401245384392716,0.6531870105257114,71.42857142857143,0,13.105347891439866,15.903114795802754
2007-05-31,382312,49.56965353197083,28.16407766660838,1.4641372353306352,90.75630252100841,0,20.512719571054028,29.0569339609168
2007-06-30,408444,62.406409670172366,38.15795208346539,1.9387319599600128,92.43697478991596,0,18.355377105967552,44.05103256420482
2007-07-31,416403,62.647256421473664,40.867706391175965,1.908374125830613,93.27731092436974,0,13.990412482571713,48.65684393890195
2007-08-31,362475,45.357463668153095,16.687824352263036,1.2162453172064671,89.07563025210085,1,13.05164823365188,32.30581543450121
2007-09-30,359104,37.18354732607758,14.680173767069203,0.88910854079617,82.35294117647058,1,14.290526630984024,22.893020695093554
2007-10-31,376979,40.81618168914123,11.807719001898612,1.0225808600419302,86.5546218487395,1,12.441760889443664,28.374420799697567
2007-11-30,379593,28.719663342364665,-20.849990189606164,0.5453393776076183,71.42857142857143,1,5.748127628281563,22.971535714083103
2007-12-31,355292,17.14673841365304,-45.259671256519326,0.08987726811136248,49.57983193277311,1,3.529577663399852,13.617160750253188
2008-01-31,365592,17.362747427015847,-45.284508994457816,0.1022347105720337,51.26050420168067,1,-4.150211369451551,21.512958796467398
2008-02-29,377088,17.41035149499799,-27.947112173155105,0.11058101731587774,52.10084033613446,1,-5.415760367353306,22.826111862351297
2008-03-31,349419,9.971139653235216,-27.212407672842364,-0.17527260622080015,32.773109243697476,1,-6.908492040032089,16.879631693267307
2008-04-30,332303,-2.8592392511780695,-43.6754209403193,-0.6733685800978004,24.369747899159663,0,-6.528734391548663,3.6694951403705933
2008-05-31,341610,-10.646278432275214,-39.36594177463988,-0.9683045003586142,19.327731092436977,0,-8.508970221217528,-2.137308211057686
2008-06-30,346892,-15.06987494001626,-32.2166133536693,-1.125853714675432,13.445378151260504,0,-14.85681976918215,-0.21305517083411019
2008-07-31,343297,-17.556549784703755,-34.9192972117196,-1.203714929494196,12.605042016806722,0,-12.911006205034104,-4.645543579669651
2008-08-31,324814,-10.389957928132976,-27.800309423130965,-0.9056898033182048,21.84873949579832,0,-12.968880385891357,2.578922457758381
2008-09-30,345745,-3.720092229549099,-13.691231882784315,-0.6365810272070515,27.73109243697479,0,-23.605043392827906,19.884951163278807
2008-10-31,277568,-26.370434427381895,-23.511195176203824,-1.5071090330729118,8.403361344537815,0,-37.474989995998406,11.104555568616512
2008-11-30,227334,-40.1111190143127,-29.464840582037485,-1.9930962952944513,1.680672268907563,0,-39.48985241098073,-0.6212666033319678
2008-12-31,210185,-40.841617599045286,-25.771742659029023,-1.9706980148498803,1.680672268907563,0,-38.48579367457571,-2.3558239244695756
2009-01-31,205007,-43.92464824175584,-26.368098457052085,-2.0314454800425668,0.0,0,-40.09067498458525,-3.833973257170591
2009-02-28,199655,-47.05347292939579,-36.66351500126281,-2.0889617447759243,0.0,0,-44.7562432832568,-2.2972296461389874
2009-03-31,203967,-41.62681479827943,-37.90672256873033,-1.8470847002262423,2.5210084033613445,0,-39.678687533076285,-1.9481272652031478
2009-04-30,208010,-37.40351426258566,-11.033079835203765,-1.6590021609763412,6.722689075630252,0,-37.00806154778831,-0.3954527147973508
2009-05-31,214401,-37.23807851058224,2.873040503730458,-1.6185690061732263,7.563025210084033,0,-34.3649580828061,-2.8731204277761435
2009-06-30,217140,-37.404148841714424,3.437468757330862,-1.5911564284865412,6.722689075630252,0,-28.178124999999998,-9.226023841714426
2009-07-31,228734,-33.371395613710575,10.553252628045264,-1.4238926087909622,11.76470588235294,0,-22.08493111773896,-11.286464495971614
2009-08-31,236251,-27.265758249336542,19.787714680059246,-1.1926041517237727,15.966386554621847,0,-20.439964765401484,-6.825793483935058
2009-09-30,254107,-26.50450476507252,15.122310033206912,-1.1466950015857063,16.80672268907563,0,-9.36931993552591,-17.13518482954661
2009-10-31,265404,-4.382349550380448,33.02116471220521,-0.37640266672412853,37.81512605042017,0,6.961548387096772,-11.34389793747722
2009-11-30,250988,10.404954824179402,47.64303333476164,0.14539830177285873,47.89915966386555,0,22.24738909220745,-11.842434268028047
2009-12-31,262399,24.841924970858997,62.24607381257342,0.6683230918454671,75.63025210084034,0,23.454193191253793,1.387731779605204
2010-01-31,266455,29.97361065719708,63.34500627090766,0.8694232869386965,83.19327731092437,0,30.027364750326903,-0.05375409312982171
2010-02-28,263657,32.0562971125191,59.32205536185564,0.9780323020303765,85.71428571428571,0,50.25235005237454,-18.19605293985544
2010-03-31,277798,36.19752214819063,62.702026913263154,1.1743730873268512,89.91596638655463,0,46.56898993570382,-10.37146778751319
2010-04-30,295550,42.08451516754002,46.466864717920465,1.3990533859466419,95.7983193277311,0,35.9608620432855,6.123653124254517
2010-05-31,268566,25.26340828634195,14.858453462162547,0.7715790400544595,76.47058823529412,1,18.52492547381248,6.738482812529469
2010-06-30,263202,21.213042276872063,-3.6288826939869345,0.6288228207348674,69.74789915966386,1,12.116564417177923,9.09647785969414
2010-07-31,267468,16.934080635148252,-13.03953002204883,0.47638327370049954,62.18487394957983,1,11.556689755741868,5.377390879406384
2010-08-31,268371,13.595709647789844,-18.46058746472925,0.3604750071729254,55.46218487394958,1,2.8129960220258265,10.782713625764018
2010-09-30,288540,13.550590892812874,-22.646931255377755,0.37120289008648644,55.46218487394958,1,7.95777046202748,5.592820430785394
2010-10-31,303428,14.326837575921992,-27.757677591618027,0.4075527655357161,57.98319327731093,0,14.193342919734796,0.13349465618719591
2010-11-30,309340,23.24892026710441,-2.0144880192375396,0.749130400197095,77.31092436974791,0,7.750791781897148,15.49812848520726
2010-12-31,313678,19.542376304787744,-1.6706659720843184,0.59458173518228,68.0672268907563,0,12.782710070845681,6.759666233942063
2011-01-31,326868,22.67287159182601,5.738790956677757,0.7037782123151128,75.63025210084034,0,19.764962239377205,2.9079093524488044
2011-02-28,348979,32.36098415744699,18.765274509657146,1.0643283389272609,89.91596638655463,0,20.165868409854326,12.195115747592666
2011-03-31,355413,27.939366014154167,14.388775121341293,0.878494106840165,83.19327731092437,0,13.374036923971499,14.565329090182669
2011-04-30,360883,22.10556589409576,7.778728318173769,0.6349601329260333,72.26890756302521,1,14.90966393636024,7.195901957735522
2011-05-31,355736,32.4575709509022,9.208650683797792,1.0315164403029773,89.91596638655463,0,23.47968166255128,8.977889288350923
2011-06-30,345273,31.18175393803999,11.639377633252245,0.9654341150164178,87.39495798319328,0,28.129153690174746,3.052600247865243
2011-07-31,344572,28.827373741905586,6.154502150079576,0.8569005933113272,83.19327731092437,0,17.30936819172113,11.518005550184455
2011-08-31,308866,15.08918623845348,-17.271797918993514,0.2847081680427142,50.42016806722689,1,16.158882334442005,-1.0696960959885242
2011-09-30,298277,3.3745754488112567,-24.56479056534291,-0.217300772522707,32.773109243697476,1,-0.8569926393270255,4.231568088138282
2011-10-31,317028,4.4821176687715125,-17.62344822532425,-0.18937104288855375,32.773109243697476,1,5.9192400655815325,-1.43712239681002
2011-11-30,303930,-1.7488847223120163,-34.206455673214215,-0.47242639944001985,31.092436974789916,1,5.625344119266451,-7.374228841578468
2011-12-31,301616,-3.8453445890371696,-35.02709852707716,-0.5743646562879129,27.73109243697479,1,-0.0031805604147616684,-3.842164028622408
2012-01-31,309844,-5.208218608123161,-34.03559235002875,-0.6444050815888454,26.05042016806723,0,2.0441327403352805,-7.252351348458442
2012-02-29,323021,-7.438269924551333,-22.527456163004814,-0.7518582336648202,25.210084033613445,0,2.8977863504166645,-10.336056274967998
2012-03-31,330815,-6.9209623733515695,-10.295537822162826,-0.7299068440196018,25.210084033613445,0,6.2330766387847625,-13.154039012136332
2012-04-30,335154,-7.129457469595413,-11.611575138366925,-0.7405905776739514,24.369747899159663,0,2.515381964051322,-9.644839433646734
2012-05-31,315147,-11.40986574313536,-9.660981020823343,-0.9312166552593283,17.647058823529413,0,-2.5921796015462517,-8.817686141589107
2012-06-30,320952,-7.043991276468187,-3.1986466874310175,-0.7427828296697745,24.369747899159663,0,3.1439302156530236,-10.18792149212121
2012-07-31,313525,-9.010308440616187,-3.802089832493026,-0.8354275788339389,21.008403361344538,0,6.735382424861491,-15.745690865477679
2012-08-31,320395,3.732686666709828,11.170956591261161,-0.2790193828942861,31.932773109243694,0,15.398436282191152,-11.665749615481324
2012-09-30,339159,13.706051757259186,20.627014130610753,0.15721771699847545,47.89915966386555,0,27.3329090876951,-13.626857330435914
2012-10-31,342325,7.979421376029872,15.108878845625284,-0.1066240160675178,34.45378151260504,0,12.675337110029528,-4.695915733999656
2012-11-30,351441,15.632217944921534,27.04208368805689,0.22850754787281813,53.78151260504202,0,13.570603708218387,2.0616142367031465
2012-12-31,355009,17.70231022226938,24.746301498737566,0.3119368509102594,60.50420168067227,0,13.405693384223927,4.296616838045452
2013-01-31,388123,25.264003821277804,34.27431226189399,0.6432446476393743,76.47058823529412,0,14.149541682858246,11.114462138419558
2013-02-28,390351,20.84384606573566,17.111159399025833,0.43160756040565734,63.02521008403361,0,10.910315740144094,9.933530325591567
2013-03-31,403933,22.102383507398393,8.396331750139208,0.47840635149508504,68.0672268907563,0,11.410963669797724,10.69141983760067
2013-04-30,408677,21.93707967083789,13.957658294808017,0.4601519498832682,66.38655462184873,0,14.282750677797562,7.654328993040327
2013-05-31,401606,27.434498821185027,11.802280876263493,0.7013685004342437,79.83193277310924,0,24.452618805949644,2.981880015235383
2013-06-30,407681,27.02242079812558,9.320110575856202,0.6743712985587131,78.99159663865547,0,17.921536383391068,9.100884414734512
2013-07-31,412101,31.44119288732956,6.177189066051756,0.871088621092415,87.39495798319328,0,22.214569498013525,9.226623389316035
2013-08-31,414442,29.353454329811647,8.509608264075986,0.7704582272084656,83.19327731092437,0,16.095067468611823,13.258386861199824
2013-09-30,432852,27.625096193820585,5.522712686422192,0.6904597687706293,78.15126050420169,0,16.71999833410842,10.905097859712164
2013-10-31,445022,29.999853939969334,8.062774269131445,0.7968410058023652,84.03361344537815,1,24.38675504192158,5.6130988980477525
2013-11-30,456378,29.859065959862384,2.4245671386773573,0.7910780245001288,83.19327731092437,0,27.512745554943564,2.3463204049188207
2013-12-31,478502,34.78587866786476,7.763457869739177,1.012548331005983,91.59663865546219,0,29.601245275874867,5.184633391989891
2014-01-31,487549,25.61713683548772,-5.82405605184184,0.599398848466613,73.94957983193278,1,18.989259800682202,6.627877034805518
2014-02-28,502093,28.626031443495737,-0.7274228863159102,0.7412598890949519,79.83193277310924,1,22.76190350437055,5.864127939125186
2014-03-31,487932,20.795280405413763,-6.8298157884068225,0.38836208748337353,58.82352941176471,1,19.3188842651304,1.476396140283363
2014-04-30,475195,16.276423679335995,-13.72343026063334,0.19056813874991302,50.42016806722689,1,17.92597507464462,-1.6495513953086238
2014-05-31,475362,18.36526346717928,-11.493802492683105,0.29049405092152913,57.14285714285714,1,17.95687847234997,0.40838499482930857
2014-06-30,502270,23.201718991073903,-11.584159676790854,0.510761406860564,70.58823529411765,0,22.03538610952014,1.166332881553764
2014-07-31,498671,21.006986151453155,-4.610150684034565,0.4039507738850907,60.50420168067227,0,14.530203532000986,6.47678261945217
2014-08-31,501000,20.88543149584261,-7.740599947653127,0.39478077423112934,59.66386554621849,0,22.68259674090767,-1.7971652450650595
2014-09-30,503901,16.4141554157079,-4.381124989705864,0.18700139943600314,47.89915966386555,0,17.29000029734471,-0.8758448816368123
2014-10-31,492888,10.75587274337,-5.5205509359659946,-0.07345294172555565,31.932773109243694,0,14.887790770491982,-4.131918027121982
2014-11-30,496341,8.756557064538617,-9.608706402640662,-0.16314429925858132,28.57142857142857,0,14.494880413775535,-5.738323349236918
2014-12-31,495756,3.605836548227592,-19.59588244284631,-0.39464215226307525,24.369747899159663,0,11.390638187366097,-7.7848016391385055
2015-01-31,485872,-0.3439654270647629,-21.35095157851792,-0.569922438203784,23.52941176470588,0,11.915246916004252,-12.259212343069015
2015-02-28,504923,0.5636406004465355,-20.321790895396074,-0.5212148722214414,24.369747899159663,0,13.178628088951028,-12.614987488504493
2015-03-31,518055,6.173606158235168,-10.240549257472733,-0.25807370449115946,28.57142857142857,0,10.444150100943194,-4.270543942708026
2015-04-30,549964,15.734382727090978,4.978509983720977,0.17996595421079625,47.89915966386555,0,10.698797738793498,5.0355849882974795
2015-05-31,541671,13.949158746386958,5.192601681848341,0.09742793228345749,42.016806722689076,0,9.556189792937086,4.392968953449872
2015-06-30,547957,9.0961036892508,5.4902671410232085,-0.12367147683733005,32.773109243697476,0,5.2483637124215,3.8477399768293
2015-07-31,530744,6.431695446496799,6.775660873561562,-0.23982485429018188,29.411764705882355,0,8.969425121848907,-2.537729675352108
2015-08-31,515960,2.98602794411178,2.4223873436652443,-0.3912047467323198,25.210084033613445,0,-1.5568766628231367,4.542904606934917
2015-09-30,497279,-1.3141470249116385,-7.487753183146806,-0.5793599012052257,23.52941176470588,0,-2.6497117563847095,1.335564731473071
2015-10-31,513941,4.271355764392726,-11.463026962698251,-0.31509190989981295,29.411764705882355,0,3.038081316121999,1.233274448270727
2015-11-30,515410,3.8419151349576186,-10.10724361142934,-0.3304872455067972,29.411764705882355,0,0.6215055427653882,3.2204095921922304
2015-12-31,503444,1.5507628752854163,-7.5453408139653835,-0.4318705016304371,26.05042016806723,0,-0.726601583369757,2.2773644586551733
2016-01-31,487200,0.27332301511509,-6.158372431381709,-0.48433535644249953,25.210084033613445,0,-2.7443746585195883,3.0176976736346783
2016-02-29,474156,-6.093404340859898,-9.079432284971677,-0.7691059092286908,18.487394957983195,0,-8.185792349726773,2.092388008866875
2016-03-31,483909,-6.591192054897643,-5.277045029986005,-0.7820483797263925,18.487394957983195,0,-0.39412154418272394,-6.197070510714919
2016-04-30,495178,-9.96174295044766,-14.233098714840384,-0.9222551057336797,14.285714285714285,0,-0.9690675182569275,-8.992675432190731
2016-05-31,489867,-9.563738874704386,-13.405654009662005,-0.8913953256859122,15.126050420168067,0,-0.49492500201669953,-9.068813872687686
2016-06-30,487636,-11.00834554536214,-12.559108420647556,-0.9449409723781284,12.605042016806722,0,1.7328208384429278,-12.741166383805067
2016-07-31,513221,-3.3015917278386597,-3.57491474295375,-0.5888053516320039,26.05042016806723,0,3.3158415088599735,-6.617433236698633
2016-08-31,510157,-1.12469958911543,4.968704751744468,-0.48614542092044105,29.411764705882355,0,10.078694642476837,-11.203394231592267
2016-09-30,540615,8.714624989191178,15.30581704408882,-0.04055551296435481,42.016806722689076,0,12.928964651593988,-4.214339662402811
2016-10-31,523760,1.9105305861957025,11.872273536643362,-0.3453310429798229,33.61344537815126,0,2.250211603570329,-0.3396810173746265
2016-11-30,539972,4.765526474069182,14.329265348773568,-0.20983468527840154,40.33613445378151,0,5.691185872015625,-0.9256593979464434
2016-12-31,529372,5.1501259325764215,16.158471477938562,-0.18548912635552134,41.17647058823529,0,9.53501570496198,-4.384889772385558
2017-01-31,553557,13.620073891625603,16.921665619464264,0.20291215702465837,51.26050420168067,0,17.45299550571062,-3.832921614085018
2017-02-28,568637,19.92614245100768,21.05084204012311,0.4944079006727583,64.70588235294117,0,22.327052162527217,-2.4009097115195353
2017-03-31,577674,19.37657700104771,10.661952011856533,0.4708294927001929,63.86554621848739,0,14.70962354471923,4.66695345632848
2017-04-30,590797,19.31002588968007,17.39949530348437,0.4726978054109116,63.86554621848739,0,15.440856049968499,3.869169839711571
2017-05-31,582764,18.963718723653567,14.198192249584386,0.47507066143684307,63.86554621848739,0,15.014115672211204,3.949603051442363
2017-06-30,584258,19.814369734802195,14.664243802225773,0.5448754271822438,67.22689075630252,0,15.463156189550498,4.351213545251698
2017-07-31,594414,15.820280152215126,2.200206260589523,0.3840511118729815,57.14285714285714,0,13.65016562384984,2.1701145283652856
2017-08-31,596567,16.93792303153736,-2.9882194194703224,0.4565542371796343,60.50420168067227,0,13.851079020705237,3.086844010832122
2017-09-30,606334,12.156340464101078,-7.220236536946633,0.23148547939514133,49.57983193277311,0,16.192171639140884,-4.035831175039807
2017-10-31,607838,16.052772262104774,-3.2572536275752952,0.4419551931066807,58.82352941176471,0,21.12315687980624,-5.070384617701464
2017-11-30,627422,16.195284199921467,-2.7684345237321004,0.45634016476589745,59.66386554621849,0,20.409676143004617,-4.21439194308315
2017-12-31,642798,21.42652048087168,1.612150746069485,0.7198774261238711,76.47058823529412,0,19.41996489237683,2.0065555884948516
2018-01-31,665716,20.261508751582944,4.441228599367818,0.6589636225917668,71.42857142857143,0,23.912728676931994,-3.65121992534905
2018-02-28,645064,13.440384639057967,-3.4975383924793917,0.314454405113596,50.42016806722689,0,14.815707975833892,-1.3753233367759243
2018-03-31,645235,11.6953506649079,-0.46098979919317706,0.22501048171664323,48.739495798319325,0,11.772448703189543,-0.07709803828164219
2018-04-30,652303,10.41068251869932,-5.642089743405455,0.15427013885103677,47.05882352941176,0,11.066605150574627,-0.655922631875308
2018-05-31,668940,14.787461133494872,-1.4078230664265945,0.36721826760651394,55.46218487394958,0,12.168090223069905,2.6193709104249674
2018-06-30,646931,10.726939126207943,-10.699581354663737,0.14992524419093467,46.21848739495798,0,12.171279313034123,-1.4443401868261798
2018-07-31,652790,9.82076465224575,-10.440744099337195,0.09239062883416521,43.69747899159664,0,14.005991175160904,-4.185226522915155
2018-08-31,652395,9.358211231932035,-4.082173407125932,0.060214650342861734,42.857142857142854,0,17.392025569963376,-8.033814338031341
2018-09-30,648126,6.892570761329564,-4.802779903578337,-0.07239175956646869,38.655462184873954,0,15.66350184173757,-8.770931080408007
2018-10-31,607645,-0.0317518812578354,-10.442434399957154,-0.4494012255042372,25.210084033613445,0,5.2996590635508545,-5.33141094480869
2018-11-30,592593,-5.551128267736871,-20.338589401231744,-0.7749963612010354,17.647058823529413,0,4.252562717651598,-9.803690985388469
2018-12-31,554285,-13.769955724815574,-24.49689485102352,-1.2619464721896927,7.563025210084033,0,-6.237259734965095,-7.532695989850479
2019-01-31,568433,-14.613288549471548,-24.434053201717298,-1.3622848524602535,6.722689075630252,0,-4.2393078854455535,-10.373980664025995
2019-02-28,581205,-9.899637865390098,-19.257849097322133,-1.1564432691310715,10.084033613445378,0,2.603700305472345,-12.503338170862442
2019-03-31,574013,-11.038148891489152,-17.930719652818716,-1.2817762303477322,7.563025210084033,0,7.328266821161211,-18.366415712650365
2019-04-30,588721,-9.74731068230562,-9.715558801047786,-1.2540604403786069,10.084033613445378,0,11.245255943052435,-20.992566625358055
2019-05-31,568751,-14.977277483780306,-9.426149216043434,-1.6422446631921588,3.361344537815126,0,1.7295870652467293,-16.706864549027035
2019-06-30,596304,-7.825718662423043,5.944237062392531,-1.2363742951868335,11.76470588235294,0,8.217792279932468,-16.04351094235551
2019-07-31,602139,-7.759156849829196,6.854131699642352,-1.2862168085636423,11.76470588235294,0,5.826459633063363,-13.58561648289256
2019-08-31,564894,-13.412273239371851,-3.5126353739817535,-1.7185535695050904,3.361344537815126,0,0.8595494775152313,-14.271822716887083
2019-09-30,555910,-14.228097622993063,-3.189948731503911,-1.8133038084251598,1.680672268907563,0,2.153755344923436,-16.3818529679165
2019-10-31,554604,-8.72894535460672,1.0183653276989002,-1.4095324589185494,10.92436974789916,0,12.015163695634534,-20.744109050241256
2019-11-30,563482,-4.912477872671461,10.064799611108844,-1.1200994056696107,20.168067226890756,0,13.796613976675353,-18.709091849346812
2019-12-31,579221,4.49876868398027,12.324487346403313,-0.436788493751656,36.134453781512605,0,28.87807407702896,-24.37930539304869
2020-01-31,561812,-1.1647810735829878,6.594375776246208,-0.8288451933653603,24.369747899159663,0,19.28257091083909,-20.447351984422077
2020-02-29,545127,-6.2074483185795,7.204824920792351,-1.174931316645703,17.647058823529413,0,6.0955507112613105,-12.30299902984081
2020-03-31,479291,-16.501716860071113,-2.2736192370780497,-1.8891900686824301,0.0,0,-8.813505503810326,-7.688211356260787
2020-04-30,524696,-10.875270289322104,-2.146324934715384,-1.4711804232202976,7.563025210084033,0,-1.1338060920012438,-9.74146419732086
2020-05-31,552543,-2.8497532312031115,2.0627246414683498,-0.8661647128856199,25.210084033613445,0,10.6193178927785,-13.469071123981612
2020-06-30,584676,-1.9500120743781713,-6.448780758358441,-0.7862671271440757,26.05042016806723,0,5.388950832154893,-7.338962906533064
2020-07-31,613830,1.9415782734551357,3.1063593470381234,-0.49005564348615177,35.294117647058826,0,9.755131895932735,-7.813553622477599
2020-08-31,645547,14.277545875863428,20.484994194442926,0.42053374964814066,60.50420168067227,0,19.609015670810457,-5.331469794947029
2020-09-30,654324,17.703225342231654,34.20494220230277,0.6700460840896498,70.58823529411765,0,12.975940122415807,4.7272852198158475
2020-10-31,659313,18.879957591362498,29.7552278806846,0.752778781362107,71.42857142857143,0,7.650877678136392,11.229079913226105
2020-11-30,722118,28.152807010694225,31.002560241897335,1.4270455735723624,91.59663865546219,0,15.302548886016476,12.85025812467775
2020-12-31,778037,34.324722342594626,36.2747344169728,1.8483700780513581,99.15966386554622,0,16.259231516847315,18.06549082574731
2021-01-31,798605,42.14808512456125,40.20650685110611,2.3564186638723967,100.0,0,15.151975495423997,26.99610962913725
2021-02-28,813680,49.264299878743856,34.98675400288043,2.7891923667447713,100.0,0,29.00731834460535,20.256981534138507
2021-03-31,822551,71.61828617687375,53.9150608346421,4.0372590034553415,100.0,0,53.71490255707867,17.90338361979508
2021-04-30,847186,61.462256239803615,42.58229864844112,3.214863308691704,99.15966386554622,0,43.56327877408215,17.898977465721465
2021-05-31,861626,55.938270867606676,27.78546385691245,2.786727025141207,98.31932773109243,0,38.09763131875532,17.840639548851357
2021-06-30,882103,50.87039659572139,16.545674253126762,2.424023700061806,97.47899159663865,1,38.61574239829177,12.254654197429616
2021-07-31,844324,37.550136031148696,-4.597949093412552,1.6166584717154984,94.9579831932773,1,34.365905255692255,3.1842307754564416
2021-08-31,911545,41.20505555753493,-8.059244321208922,1.7957668794510386,94.9579831932773,1,29.208270124646084,11.99678543288885
2021-09-30,903117,38.022906083224825,-33.59538009364893,1.5772752182099397,94.11764705882352,1,28.085935176925346,9.936970906299479
2021-10-31,935862,41.94502459378171,-19.517231646021905,1.763367165290659,94.9579831932773,0,40.83933748425057,1.1056871095311394
2021-11-30,918598,27.208849523208123,-28.729421344398553,0.9069765578381356,83.19327731092437,1,26.103715730209885,1.105133792998238
2021-12-31,910021,16.963717663812904,-33.90667893190849,0.31362357515869577,64.70588235294117,1,26.892664692977775,-9.92894702916487
2022-01-31,829637,3.885775821588888,-33.66436020955981,-0.4400060188031149,36.97478991596639,1,21.57339974422832,-17.687623922639432
2022-02-28,835255,2.651533772490411,-38.55352178504452,-0.5176591202673466,32.773109243697476,1,14.766895118546586,-12.115361346056176
2022-03-31,799660,-2.7829277455136525,-40.80583382873848,-0.8342177202755966,22.689075630252102,1,14.0330740768708,-16.816001822384454
2022-04-30,772940,-8.763836985030437,-50.70886157881215,-1.1774876999204924,12.605042016806722,1,-1.178136315585554,-7.585700669444883
2022-05-31,752944,-12.613593368816634,-39.82244289202475,-1.3977380698818032,5.042016806722689,0,-1.7116542819900493,-10.901939086826584
2022-06-30,683445,-22.52095276855424,-39.48467043236714,-1.939076237917743,0.0,0,-11.916258094841403,-10.604694673712835
2022-07-31,696781,-17.474689811020415,-21.3604656326093,-1.638299717162771,0.8403361344537815,0,-6.028776389163825,-11.44591342185659
2022-08-31,687787,-24.547115062887737,-27.198648835378147,-1.992761137478937,0.0,0,-12.552264249815925,-11.994850813071812
2022-09-30,664009,-26.47586082423429,-23.692933078720635,-2.0445430566490614,0.0,0,-16.75948861644607,-9.716372207788218
2022-10-31,649618,-30.586133425654637,-21.8222964406242,-2.2052575291920036,0.0,0,-15.925252801608558,-14.66088062404608
2022-11-30,643783,-29.916786232933234,-17.3031928641166,-2.1088176257717643,0.8403361344537815,0,-10.661242256969006,-19.25554397596423
2022-12-31,606659,-33.3357142307705,-10.81476146221626,-2.219911016157371,0.0,0,-19.443203061564894,-13.892511169205605
2023-01-31,641228,-22.709811640512655,-5.23512182949224,-1.6374528595891709,4.201680672268908,0,-9.720875022699381,-12.988936617813273
2023-02-28,624379,-25.246900647107772,-0.6997855842200345,-1.727682241037981,3.361344537815126,0,-9.231701322603136,-16.015199324504636
2023-03-31,645429,-19.28707200560238,7.1887888186319095,-1.400202175661088,6.722689075630252,0,-9.294943956630963,-9.992128048971416
2023-04-30,631949,-18.240872512743557,12.34526091291108,-1.3235133360259723,7.563025210084033,0,0.9092625220236572,-19.150135034767214
2023-05-31,644170,-14.44649270065237,15.470293532280865,-1.115240187227701,11.76470588235294,0,1.1538759389762232,-15.600368639628591
2023-06-30,681228,-0.3243860149682809,33.011328215802216,-0.4016831193099638,36.134453781512605,0,17.567014231030353,-17.891400245998632
2023-07-31,709834,1.873328922573947,24.5831405630866,-0.28113406038223804,40.33613445378151,0,11.105300379707096,-9.231971457133149
2023-08-31,689185,0.2032606024830352,25.450161249590806,-0.35448859595987764,37.81512605042017,0,13.97424519404602,-13.770984591562986
2023-09-30,680846,2.535658402220453,21.82273040782283,-0.22715023729192554,43.69747899159664,0,19.590251031205284,-17.05459262898483
2023-10-31,635276,-2.207759021455691,16.033113491287867,-0.4562871950947096,31.932773109243694,0,8.312047872271755,-10.519806893727445
2023-11-30,660887,2.656795845805182,17.103288546457552,-0.1980025303601008,46.21848739495798,0,11.9531091073525,-9.296313261547319
2023-12-31,700774,15.513657590178331,15.838043605146613,0.47288846783024624,68.90756302521008,0,24.23056187149857,-8.716904281320238
2024-01-31,701975,9.47354139245322,7.600212469879272,0.16849211418303392,59.66386554621849,0,18.86552240966102,-9.391981017207799
2024-02-29,742963,18.992310759971097,18.789050157488063,0.6689875831555504,80.67226890756302,0,28.364599915368636,-9.372289155397539
2024-03-31,784136,21.490667447542645,18.955009045322193,0.7985913526832068,88.23529411764706,0,27.86397749506002,-6.373310047517375
2024-04-30,775464,22.70990222312243,24.91766124457812,0.8576020268067556,88.23529411764706,0,20.774962885149016,1.9349393379734146
2024-05-31,809431,25.654873713460734,22.998077867655553,1.0048444641633303,89.07563025210085,0,26.260813811054962,-0.6059400975942282
2024-06-30,809322,18.803396219767833,3.289738629589502,0.6526319343579878,77.31092436974791,1,22.6974386399333,-3.8940424201654658
2024-07-31,810835,14.228819695872552,4.755278303419333,0.41887858539473605,68.0672268907563,1,20.3383330028307,-6.109513306958149
2024-08-31,797162,15.667346213280895,-3.324964546690202,0.4966439573213158,71.42857142857143,1,25.306200320786566,-9.63885410750567
2024-09-30,813211,19.44125396932639,-2.0494134782162554,0.6912603761504221,83.19327731092437,0,34.38517364576823,-14.943919676441844
2024-10-31,815369,28.34878068744924,5.638878464326808,1.140966980947142,90.75630252100841,0,36.0443129278627,-7.69553224041346
2024-11-30,890852,34.79641754187932,9.141543828418587,1.4503894535214852,91.59663865546219,0,32.06306742180607,2.733350120073254
2024-12-31,899168,28.31069645848734,9.507300238719505,1.101584086381107,89.07563025210085,0,23.309055687636015,5.001640770851324
2025-01-31,937253,33.516578225720295,19.287758529847743,1.3431950910780097,89.91596638655463,0,24.65835407354211,8.858224152178185
2025-02-28,918144,23.57869772788146,7.911351514600563,0.8279317222447172,84.87394957983193,1,16.840322745218096,6.7383749826633625
2025-03-31,880316,12.265729414285277,-7.175524555041113,0.2535335334471387,60.50420168067227,1,6.803899252808154,5.461830161477122
2025-04-30,850558,9.68375063187976,-18.665030055569478,0.12570965690525077,56.30252100840336,1,10.591774728438953,-0.9080240965591919
2025-05-31,920960,13.7786914511552,-21.01772609072412,0.3328445669065912,63.86554621848739,1,12.016674561819052,1.7620168893361488
2025-06-30,1007961,24.543877467806396,-3.7668189906809424,0.8679257011102265,84.87394957983193,0,13.63339187508814,10.910485592718256
2025-07-31,1022548,26.11049103701739,-7.406087188702905,0.9351488817908665,85.71428571428571,0,14.79621678687646,11.31427425014093
2025-08-31,1059723,32.936968897162686,9.358271169281227,1.2571996686358653,89.07563025210085,0,14.373299294135133,18.563669603027552
2025-09-30,1126494,38.52419605735782,26.258466643072545,1.506023484866577,93.27731092436974,0,16.06909513075079,22.45510092660703
2025-10-31,1183654,45.16789330965489,35.48414267777513,1.7930553797048392,95.7983193277311,0,19.888913037381872,25.27898027227302
2025-11-30,1214321,36.310071706635895,22.531380255480695,1.3377788230469914,89.91596638655463,0,13.538415122364423,22.771656584271472
